<?xml version="1.0" encoding="UTF-8"?>
<project-private xmlns="http://www.netbeans.org/ns/project-private/1">
    <editor-bookmarks xmlns="http://www.netbeans.org/ns/editor-bookmarks/2" lastBookmarkId="0"/>
    <open-files xmlns="http://www.netbeans.org/ns/projectui-open-files/2">
        <group>
            <file>file:/C:/Users/idea/Documents/NetBeansProjects/CrimeReportManagementApplication/web/IndividualReport.jsp</file>
            <file>file:/C:/Users/idea/Documents/NetBeansProjects/CrimeReportManagementApplication/web/ForgetPassword.jsp</file>
            <file>file:/C:/Users/idea/Documents/NetBeansProjects/CrimeReportManagementApplication/src/java/com/SendMail.java</file>
            <file>file:/C:/Users/idea/Documents/NetBeansProjects/CrimeReportManagementApplication/web/WEB-INF/web.xml</file>
            <file>file:/C:/Users/idea/Documents/NetBeansProjects/CrimeReportManagementApplication/web/SignUp.jsp</file>
        </group>
    </open-files>
</project-private>
